Process_ID,All,2_0_%#1,2_0_%#2
Process_label,All,snv,raw
n_records,16,8,8
Mean_R2,0.7736291666666667,0.8901555555555556,0.6571027777777778
Min_R2,0.4599999999999999,0.8488888888888889,0.4599999999999999
Median_R2,0.8211111111111111,0.8960111111111112,0.7094111111111111
Max_R2,0.9246,0.9246,0.7933333333333333
All,1.0,0.05331796324769515,0.05331796324769515
2_0_%#1,0.05331796324769515,1.0,0.0001554001554001554
2_0_%#2,0.05331796324769515,0.0001554001554001554,1.0
