Process_ID,All,5_0_%#1,5_0_%#2
Process_label,All,roi_mean,roi_median
n_records,8,4,4
Mean_R2,0.7525027777777777,0.7488444444444444,0.7561611111111112
Min_R2,0.5044444444444445,0.5044444444444445,0.6022222222222222
Median_R2,0.8253666666666667,0.8253666666666667,0.7601
Max_R2,0.9022222222222224,0.8402,0.9022222222222224
All,1.0,0.7975162985919583,0.7975162985919583
5_0_%#1,0.7975162985919583,1.0,0.6857142857142857
5_0_%#2,0.7975162985919583,0.6857142857142857,1.0
