Process_ID,All,7_0_%#1,7_0_%#2
Process_label,All,KNeighborsRegressor,RandomForestRegressor
n_records,8,4,4
Mean_R2,0.7525027777777777,0.7105555555555556,0.79445
Min_R2,0.5044444444444445,0.5044444444444445,0.6786
Median_R2,0.8253666666666667,0.7177777777777778,0.8288
Max_R2,0.9022222222222224,0.9022222222222224,0.8416
All,1.0,0.7975162985919583,0.7975162985919583
7_0_%#1,0.7975162985919583,1.0,0.6857142857142857
7_0_%#2,0.7975162985919583,0.6857142857142857,1.0
