Step_0,Step_1,Step_2,Mean_Error,Standard_Deviation_of_Error,Mean_Absolute_Error,Normalized_MAE,CV_MAE,Mean_Squared_Error,Root_Mean_Squared_Error,Normalized_RMSE,CV_RMSE,Residual_Prediction_Deviation,R2
2_0_%#1,5_0_%#1,7_0_%#1,-0.1199999999999999,0.5647418289212632,0.4666666666666666,0.1166666666666666,0.2333333333333333,0.3333333333333332,0.5773502691896257,0.1443375672974064,0.2886751345948128,2.4494897427831783,0.8333333333333334
2_0_%#1,5_0_%#1,7_0_%#2,-0.0519999999999999,0.5629351650057047,0.452,0.113,0.226,0.3196,0.5653317610041029,0.1413329402510257,0.2826658805020514,2.5015639663712994,0.8402
2_0_%#1,5_0_%#2,7_0_%#1,-0.0533333333333333,0.4389887368841154,0.3733333333333333,0.0933333333333333,0.1866666666666666,0.1955555555555555,0.4422166387140533,0.1105541596785133,0.2211083193570266,3.1980107453341566,0.9022222222222224
2_0_%#1,5_0_%#2,7_0_%#2,0.0399999999999999,0.561426753904728,0.4799999999999999,0.1199999999999999,0.2399999999999999,0.3167999999999999,0.5628498911788116,0.1407124727947029,0.2814249455894058,2.51259453814803,0.8416
2_0_%#2,5_0_%#1,7_0_%#1,0.1999999999999999,0.9752492558885196,0.8666666666666667,0.2166666666666666,0.4333333333333333,0.9911111111111112,0.9955456348712052,0.2488864087178013,0.4977728174356026,1.4205411714311351,0.5044444444444445
2_0_%#2,5_0_%#1,7_0_%#2,-0.0519999999999999,0.6020764071112569,0.5,0.125,0.25,0.3651999999999999,0.604317797189525,0.1510794492973812,0.3021588985947625,2.3401818860045456,0.8174
2_0_%#2,5_0_%#2,7_0_%#1,0.04,0.8910418371521932,0.6533333333333333,0.1633333333333333,0.3266666666666666,0.7955555555555556,0.8919392106839769,0.2229848026709942,0.4459696053419884,1.58554926774507,0.6022222222222222
2_0_%#2,5_0_%#2,7_0_%#2,-0.0199999999999999,0.8014985963805552,0.612,0.153,0.306,0.6428,0.8017480901130978,0.2004370225282744,0.4008740450565489,1.7639126052343954,0.6786
