Step_0,Step_1,Step_2,Precision,Recall,F1_Score,Accuracy,AUC
2_0_%#1,5_0_%#1,7_0_%#1,0.8600000000000001,0.8400000000000001,0.8428282828282828,0.936,0.92
2_0_%#1,5_0_%#1,7_0_%#2,0.7428571428571428,0.72,0.7075757575757576,0.8880000000000001,0.97
2_0_%#1,5_0_%#2,7_0_%#1,0.7300000000000001,0.7200000000000001,0.7224242424242424,0.8880000000000001,0.911
2_0_%#1,5_0_%#2,7_0_%#2,0.7666666666666666,0.76,0.7575757575757576,0.904,0.957
2_0_%#2,5_0_%#1,7_0_%#1,0.405079365079365,0.3199999999999999,0.3019047619047619,0.728,0.7150000000000001
2_0_%#2,5_0_%#1,7_0_%#2,0.7209523809523809,0.6799999999999999,0.6694372294372293,0.8719999999999999,0.8959999999999999
2_0_%#2,5_0_%#2,7_0_%#1,0.4766666666666667,0.44,0.4402974802974803,0.776,0.7889999999999999
2_0_%#2,5_0_%#2,7_0_%#2,0.71,0.72,0.7094949494949494,0.8879999999999999,0.921
