Process_ID,All,2_0_%#1,2_0_%#2
Process_label,All,snv,raw
n_records,8,4,4
Mean_AUC_macro,0.884875,0.9395,0.8302499999999999
Min_AUC_macro,0.7150000000000001,0.911,0.7150000000000001
Median_AUC_macro,0.9155,0.9385,0.8424999999999999
Max_AUC_macro,0.97,0.97,0.921
All,1.0,0.3468431126469651,0.3468431126469651
2_0_%#1,0.3468431126469651,1.0,0.11428571428571428
2_0_%#2,0.3468431126469651,0.11428571428571428,1.0
