Process_ID,All,5_0_%#1,5_0_%#2
Process_label,All,roi_mean,roi_median
n_records,8,4,4
Mean_AUC_micro,0.8948499999999999,0.88635,0.90335
Min_AUC_micro,0.7422000000000001,0.7422000000000001,0.8058
Median_AUC_micro,0.9201,0.9201,0.925
Max_AUC_micro,0.963,0.963,0.9576
All,1.0,1.0,1.0
5_0_%#1,1.0,1.0,1.0
5_0_%#2,1.0,1.0,1.0
