Process_ID,All,7_0_%#1,7_0_%#2
Process_label,All,KNeighborsClassifier,RandomForestClassifier
n_records,8,4,4
Mean_AUC_macro,0.884875,0.83375,0.9359999999999999
Min_AUC_macro,0.7150000000000001,0.7150000000000001,0.8959999999999999
Median_AUC_macro,0.9155,0.85,0.9390000000000001
Max_AUC_macro,0.97,0.92,0.97
All,1.0,0.3468431126469651,0.3468431126469651
7_0_%#1,0.3468431126469651,1.0,0.11428571428571428
7_0_%#2,0.3468431126469651,0.11428571428571428,1.0
