Process_ID,All,2_0_%#1,2_0_%#2
Process_label,All,snv,raw
n_records,8,4,4
Mean_AUC_micro,0.8948499999999999,0.9388000000000001,0.8509
Min_AUC_micro,0.7422000000000001,0.9134,0.7422000000000001
Median_AUC_micro,0.9201,0.9394,0.8624
Max_AUC_micro,0.963,0.963,0.9366
All,1.0,0.44148476054503405,0.44148476054503405
2_0_%#1,0.44148476054503405,1.0,0.2
2_0_%#2,0.44148476054503405,0.2,1.0
