Process_ID,All,5_0_%#1,5_0_%#2
Process_label,All,roi_mean,roi_median
n_records,8,4,4
Mean_AUC_macro,0.884875,0.8752500000000001,0.8945000000000001
Min_AUC_macro,0.7150000000000001,0.7150000000000001,0.7889999999999999
Median_AUC_macro,0.9155,0.9079999999999999,0.916
Max_AUC_macro,0.97,0.97,0.957
All,1.0,0.9318472552084768,0.9318472552084768
5_0_%#1,0.9318472552084768,1.0,0.8857142857142857
5_0_%#2,0.9318472552084768,0.8857142857142857,1.0
