Process_ID,All,7_0_%#1,7_0_%#2
Process_label,All,KNeighborsClassifier,RandomForestClassifier
n_records,8,4,4
Mean_AUC_micro,0.8948499999999999,0.84565,0.94405
Min_AUC_micro,0.7422000000000001,0.7422000000000001,0.919
Median_AUC_micro,0.9201,0.8595999999999999,0.9471
Max_AUC_micro,0.963,0.9212,0.963
All,1.0,0.2662361444821614,0.2662361444821614
7_0_%#1,0.2662361444821614,1.0,0.05714285714285714
7_0_%#2,0.2662361444821614,0.05714285714285714,1.0
