Process_ID,All,feat5,feat_all
Process_label,All,feat5,feat_all
n_records,16,8,8
Mean_AUC_micro,0.8906125,0.89935,0.8818750000000001
Min_AUC_micro,0.7178,0.8076,0.7178
Median_AUC_micro,0.8941,0.8941,0.8815
Max_AUC_micro,0.9752,0.9752,0.9696
All,1.0,0.8299980443873236,0.8299980443873236
feat5,0.8299980443873236,1.0,0.7209013209013208
feat_all,0.8299980443873236,0.7209013209013208,1.0
