Mean_Error,Standard_Deviation_of_Error,Mean_Absolute_Error,Normalized_MAE,CV_MAE,Mean_Squared_Error,Root_Mean_Squared_Error,Normalized_RMSE,CV_RMSE,Residual_Prediction_Deviation,R2
0.03999999999999999,0.561426753904728,0.4799999999999999,0.11999999999999998,0.23999999999999996,0.31679999999999997,0.5628498911788116,0.1407124727947029,0.2814249455894058,2.51259453814803,0.8416
