Mean_Error,Standard_Deviation_of_Error,Mean_Absolute_Error,Normalized_MAE,CV_MAE,Mean_Squared_Error,Root_Mean_Squared_Error,Normalized_RMSE,CV_RMSE,Residual_Prediction_Deviation,R2
0.1866666666666667,0.4906231864793093,0.4,0.1,0.2,0.27555555555555555,0.5249338582674541,0.13123346456686352,0.26246692913372704,2.6940795304016234,0.8622222222222222
